15.36896992,75.11917877,Hubli
10.23635674,77.49055481,Kodaikanal
18.9538765,73.17350769,Maharashtra
32.53424835,75.97985077,Himachal Pradesh
12.87544537,74.84841156,Karnataka
13.07649422,80.26246643,Chennai
13.06600475,80.24217987,Tamil Nadu
23.09707642,70.12601471,Gandhidham
22.57897758,88.36025238,Kolkata
32.24092484,77.18865967,Manali
32.53657532,75.96593475,Dalhousie
32.54741669,75.96708679,Dalhousie
22.55848503,88.35234833,Kolkata
13.06727028,80.25834656,Tamil Nadu
13.07802773,80.24507141,Chennai
15.27307415,76.39292145,Karnataka
27.33394432,88.61277771,Sikkim
13.05589008,80.21110535,Chennai
22.56547356,88.35385895,West Bengal
32.53914261,75.96798706,Dalhousie
13.04754543,80.24005127,Chennai
10.23810959,77.48918152,Kodaikanal
30.55879211,77.29459381,Nahan
11.55168629,76.04026031,Vythiri
11.39917183,79.69120026,Tamil Nadu
12.8687048,74.84037018,Hampankatta
9.498096466,76.3388443,India
15.46512699,75.003479,Dharwad
12.87055779,74.84179688,Hampankatta
12.86918259,74.84979248,Karnataka
27.32912064,88.61376953,Gangtok
13.05090523,80.24939728,Chennai
12.86895466,74.84166718,Hampankatta
27.32793045,88.61265564,Gangtok
32.53939819,75.97364044,Dalhousie
13.05466175,80.25771332,Chennai
32.24338531,77.1891098,Manali
13.02950191,80.2454834,Tamil Nadu
12.97054386,80.14987946,Chennai
22.54538918,88.36359406,West Bengal
13.06361389,80.24415588,Chennai
9.499471664,76.32585907,Alappuzha
13.03990173,80.23449707,Chennai
11.60607529,76.34101868,Kerala
12.86736298,74.84601593,Hampankatta
32.53397751,75.97470093,Dalhousie
13.07902145,80.24203491,Chennai
12.8150177,74.84020233,Ullal
22.53632736,88.35665894,Kolkata
32.24423981,77.1880722,Manali
22.55584526,88.35437775,Kolkata
27.32806015,88.61264801,Sikkim
32.2396965,77.18871307,Manali
22.52483559,88.35542297,West Bengal
32.53596878,75.98590088,Dalhousie
22.5559082,88.37223053,Kolkata
14.85155392,74.13193512,Sadashivgad
26.88701439,88.18795776,Mirik
27.32675171,88.61133575,Gangtok
32.24041367,77.18878174,Manali
25.44735718,75.6344223,Rajasthan
32.08515167,77.12810516,Himachal Pradesh
32.24326324,77.1891861,Manali
10.95862484,79.37545776,Kumbakonam
15.36477757,75.1239624,Hubli
26.21505928,78.18601227,Gwalior
26.23235893,78.18855286,Gwalior
22.53683662,88.35250092,West Bengal
26.30111122,87.25999451,Forbesganj
22.53381729,88.35318756,Kolkata
30.89940834,76.96482849,Kasauli
22.55683327,88.35552216,Kolkata
27.31899071,88.60703278,Gangtok
12.82671928,80.24049377,Muttukadu
26.14262772,91.74183655,Assam
26.2134552,78.19223785,Gwalior
27.33947372,88.61264801,Gangtok
26.18194008,91.74159241,Guwahati
12.95645332,80.24346161,Chennai
32.23999405,77.18849945,Manali
28.05314827,75.15137482,Rajasthan
13.06454659,80.25782013,Chennai
13.07621002,80.26251984,Chennai
13.04373169,80.25937653,Chennai
17.43600273,78.48940277,Secunderabad
32.25187302,77.1838913,Himachal Pradesh
10.23506832,77.49043274,Kodaikanal
9.60959053,76.31281281,Mararikulam
26.21126175,78.18788147,Madhya Pradesh
10.23816681,77.48918152,Kodaikanal
29.63193512,79.43999481,Ranikhet
32.24338913,77.18913269,Himachal Pradesh
29.63500977,79.42953491,Ranikhet
26.21307564,78.17741394,Gwalior
22.5426445,88.35195923,Kolkata
27.9173336,78.03538513,Sarsaul
22.58885956,88.35080719,Kolkata
26.17865753,91.74971771,Guwahati
9.970655441,76.28509521,Kerala
22.54084015,88.35488892,Kolkata
22.55907631,88.35319519,Kolkata
25.01726341,85.41616821,Bihar
22.58732224,88.34016418,West Bengal
10.97508812,76.22754669,Perinthalmanna
22.57021332,88.35918427,Kolkata
22.57916641,88.39432526,Kolkata
22.55766869,88.35280609,Kolkata
22.49787331,88.35704803,Kolkata
22.55822754,88.35253143,Kolkata
22.63315964,88.4358139,West Bengal
21.83337975,76.35179901,Khandwa
10.31013203,77.52114105,Tamil Nadu
11.7866497,78.20368195,Yercaud
10.2380352,77.48896027,Kodaikanal
23.11532593,83.19861603,Ambikapur
32.25202942,77.18100739,Manali
10.2361393,77.49111938,Kodaikanal
10.23614979,77.49111176,Kodaikanal
9.492119789,76.3260498,Kerala
13.07202721,80.1917038,Chennai
19.99005127,72.72315979,Dahanu
29.6432991,79.43179321,Ranikhet
23.34013176,85.32217407,Jharkhand
32.2341423,77.19308472,Himachal Pradesh
13.05731678,80.25198364,Chennai
27.33438683,88.61315155,Gangtok
11.62918377,76.08750916,Kerala
9.483175278,76.36237335,Alappuzha
9.523565292,76.31145477,Thumpoly
10.24346924,77.48806763,Kodaikanal
11.78285599,78.21308899,Yercaud
29.62981033,79.43522644,Ranikhet
9.496254921,76.33859253,Alappuzha
13.08076382,80.26797485,Chennai
11.32825375,76.91171265,Tamil Nadu
27.32865334,88.61222076,Sikkim
27.33901024,88.60652161,Gangtok
9.804157257,76.28216553,Kerala
11.71558762,76.29425049,Kerala
27.33089066,88.61181641,Gangtok
32.53423309,75.97976685,Dalhousie
27.33831978,88.60643005,Sikkim
10.23040867,77.48029327,Kodaikanal
13.04323292,80.27738953,Chennai
32.23988724,77.18865967,Manali
16.7022686,74.25183868,Maharashtra
9.732299805,77.14955902,Vandanmedu
32.53507614,75.96722412,Dalhousie
13.0867939,80.26979828,Chennai
9.498146057,76.33886719,Alappuzha
10.24884129,77.4894104,Kodaikanal
10.23545837,77.49258423,Kodaikanal
10.23547363,77.4925766,Kodaikanal
30.14388466,78.59818268,Devaprayag
20.267313,86.65996552,Paradip
11.7845726,78.20391083,Yercaud
13.04662991,80.2665329,Tamil Nadu
11.77410984,78.22759247,Yercaud
13.03764439,80.1595993,Chennai
32.2507019,77.17740631,Manali
16.70513344,74.2456665,Kolhapur
13.03221321,80.26849365,Tamil Nadu
17.27383423,74.18041992,Karad
23.07124329,70.13539124,Gandhidham
13.07706165,80.26213837,Chennai
10.23276615,77.49330902,Kodaikanal
13.9954443,74.55025482,Bhatkal
23.34436417,85.32520294,Ranchi
27.33898544,88.60650635,Gangtok
32.1109314,76.53623962,Himachal Pradesh
31.04201889,76.72018433,Nalagarh
10.23818779,77.48918915,Tamil Nadu
16.7061882,74.2455368,Kolhapur
10.2439394,77.49851227,Tamil Nadu
19.1568203,72.84714508,Mumbai
19.08451653,74.73297119,Maharashtra
13.06851482,80.27050018,Chennai
18.8808136,79.44678497,Mancherial
13.07668781,80.20126343,Tamil Nadu
12.99697876,80.19950104,Tamil Nadu
13.07899189,80.2532959,Tamil Nadu
9.512089729,76.32846069,Kerala
13.07189465,80.20291138,Chennai
13.06978989,80.1980896,Chennai
11.77615833,78.20930481,Yercaud
28.54227066,77.23002625,Delhi
13.07544231,80.19868469,Chennai
13.05415344,80.23410797,Chennai
13.06818867,80.25809479,Tamil Nadu
13.07847786,80.24259186,Chennai
13.08080292,80.26811981,Tamil Nadu
13.08393288,80.27049255,Chennai
18.99758339,73.11037445,Navi Mumbai
11.61369705,76.07317352,Kerala
17.43869209,78.48880768,Secunderabad
16.70716858,74.24868774,Kolhapur
16.28823662,73.70848083,Mumbai - Goa Road
27.33001518,88.61457825,Gangtok
27.3174057,88.60165405,Gangtok
19.10278893,74.74359131,Ahmednagar
13.06248283,80.27415466,Tamil Nadu
13.0461731,80.24252319,Tamil Nadu
13.05265617,80.23581696,Tamil Nadu
13.064888,80.26611328,Chennai
13.03356838,80.21224976,Chennai
13.0491333,80.20851135,Chennai
13.08164883,80.26753235,Chennai
13.04026031,80.24044037,Chennai
13.05650425,80.25547791,Chennai
13.00892735,80.25923157,Chennai
12.92435455,80.11484528,Tambaram
13.12636471,80.20155334,Chennai
13.0886488,80.27561188,Chennai
13.09688759,80.2883606,Tamil Nadu
13.04071426,80.24372101,Chennai
13.04872131,80.26786041,Chennai
13.04086113,80.22832489,Chennai
13.0867939,80.25708771,Chennai
12.96441841,80.25402832,Chennai
12.969347,80.14767456,Chennai
13.04897881,80.20713043,Chennai
13.0351038,80.23938751,Chennai
17.44274521,78.48400116,Hyderabad
13.03485107,80.2378006,Chennai
13.03718853,80.23960114,Chennai
13.03240681,80.2691803,Chennai
13.00640488,80.2556839,Chennai
12.97398663,80.25820923,Tamil Nadu
13.08698177,80.19954681,Chennai
19.69239807,72.76091766,Palghar
12.829319,80.23926544,Muttukadu
20.11688042,72.74134827,Bordi
12.97475338,80.25878143,Chennai
17.44048882,78.49291229,Secunderabad
12.92854309,80.11865234,Chennai
12.96649265,80.14894867,Tamil Nadu
19.84337616,73.99479675,Sinnar
16.70651627,74.24585724,Kolhapur
13.06292915,80.27399445,Chennai
22.55169296,88.36356354,Kolkata
22.55539703,88.35430145,West Bengal
32.53660583,75.96710968,Dalhousie
22.55256271,88.35637665,Kolkata
9.595003128,76.30119324,Mararikulam
9.499320984,76.34238434,Alappuzha
22.56673813,88.41120148,Kolkata
13.00765705,80.26208496,Chennai
13.04367733,80.23709106,Chennai
10.10516644,76.62683868,Kerala
13.04699135,80.23440552,Tamil Nadu
17.9217186,73.65562439,Mahabaleshwar
13.05202866,80.24789429,Chennai
12.96831703,80.2610321,Chennai
22.62368965,88.43318176,Kolkata
9.514656067,76.3547821,Alappuzha
9.498077393,76.33885193,Mullakkal
23.37241364,85.33885956,Ranchi
11.5110693,76.03757477,Kunnathidavaka
11.61555099,76.08350372,Kerala
12.90078068,74.83533478,Urwa
23.35845757,85.30838776,Ranchi
23.34434319,85.32519531,Ranchi
22.62184143,88.40770721,Kolkata
27.33224106,88.61377716,Sikkim
9.495106697,76.34664154,Alappuzha
22.55849075,88.35757446,Kolkata
22.56910896,88.41000366,Kolkata
18.85790253,82.59062958,Jeypore
22.52310181,88.36470795,Kolkata
12.86850262,74.84005737,Karnataka
22.06404305,88.08244324,Haldia
32.21397781,77.1982193,Manali
13.07685757,80.26496124,Tamil Nadu
27.3309269,88.6108017,Sikkim
16.80788994,74.10765839,Panhala
32.26734161,75.65129089,Pathankot
25.01588249,85.40840912,Virayatan Road
22.58704948,88.34130096,Howrah
26.19122887,91.75072479,Assam
22.56283379,88.35349274,West Bengal
23.72464561,92.7158432,Aizawl
11.3001461,76.93820953,Mettupalayam
10.24345112,77.48806763,Kodaikanal
9.485082626,76.32006836,Kerala
17.92679977,73.66364288,Mahabaleshwar
25.44762039,75.63426208,Bundi
11.35488319,76.80213928,Coonoor
32.23979187,77.18874359,Manali
29.64338493,79.4322052,Ranikhet
30.43527985,77.62374878,Paonta Sahib
10.23458958,77.48830414,Kodaikanal
17.9260273,73.65850067,Mahabaleshwar
32.22465515,77.19583893,Manali
13.04301929,80.24419403,Chennai
11.77506256,78.2193985,Tamil Nadu
27.319767,88.24002075,Pelling
27.88695145,78.07336426,Gandhi Park
22.57354927,88.35883331,Kolkata
13.03265762,80.23931122,Chennai
26.00107956,79.46439362,Orai
26.88625336,88.27799225,Kurseong
11.73457623,76.14280701,Kenichira
11.35309792,76.7875824,Coonoor
20.17798805,72.77306366,Umargam
11.73814201,76.07398224,Kerala
10.32804966,76.95638275,Valparai
13.05444336,80.26013947,Chennai
12.82383728,80.04179382,SRM
14.62329769,74.83725739,Sirsi
14.63412285,74.84532166,Sirsi
11.60786057,76.08502197,Kalpetta
10.25043011,77.49487305,Kodaikanal
10.23895264,77.49623871,Kodaikanal
10.21842766,77.47753906,Kodaikanal
32.25069046,77.17901611,Himachal Pradesh
26.21237946,78.18078613,Gwalior
8.732305527,77.71098328,Tirunelveli
8.735111237,77.71157074,Tirunelveli
22.62422562,88.43257141,West Bengal
11.7475071,75.48984528,Thalassery
13.06789112,80.27228546,Chennai
11.34830379,76.79486084,Tamil Nadu
13.04055309,80.26773834,Tamil Nadu
13.05175972,80.24040985,Tamil Nadu
11.77139473,78.21767426,Yercaud
9.498138428,76.3388443,Alappuzha
21.96117592,70.80345154,Gondal
21.9564991,70.79434204,Gondal
15.27239227,76.39022064,State Highway 49
12.94368935,75.78359222,Sakleshpur
11.78679276,78.2056427,Tamil Nadu
11.77645588,78.20672607,Yercaud
10.23697376,77.49411774,Kodaikanal
12.91388702,80.25320435,Tamil Nadu
22.01067543,81.22307587,Kawardha
32.53860092,75.97268677,Moti Tiba
12.94968987,80.2558136,Chennai
22.55468369,88.35980988,West Bengal
10.957654,79.38052368,Kumbakonam
19.89178658,86.09532166,Konark
18.8806591,73.10359955,Karnala
32.23416138,77.19589233,Manali
11.81216621,76.05369568,Payyampally
12.98530006,80.25553894,Chennai
12.93880844,80.25844574,Tamil Nadu
12.86407375,80.22711182,Chennai
19.69356346,72.76551819,Maharashtra
22.55609322,88.35316467,Kolkata
17.92163849,73.65563202,Mahabaleshwar
17.92477989,73.65774536,Mahabaleshwar
11.3517704,76.7854538,Tamil Nadu
12.97340775,80.20918274,Tamil Nadu
11.30300808,76.9380188,Mettupalayam
17.92470741,73.65757751,Mahabaleshwar
15.27698803,76.38891602,Karnataka
23.06935883,70.13476563,Gandhidham
32.23428726,77.18671417,Manali
22.50929642,88.3466568,Kolkata
26.19410324,78.15514374,Madhya Pradesh
10.24406624,77.49816895,Tamil Nadu
9.884949684,76.71817017,Kerala
13.01070023,80.21530151,Chennai
15.35350418,75.13896942,Hubli
32.22315979,77.19625854,Manali
32.53230667,75.96399689,Dalhousie
32.22179031,77.18504333,Kanyal Road
17.92841339,73.65284729,Mahabaleshwar
10.24383926,77.49546051,Kodaikanal
32.24334335,77.18914032,Himachal Pradesh
22.55592346,88.35426331,West Bengal
22.55658722,88.35409546,Kolkata
22.58998871,88.41114807,West Bengal
17.92198181,73.66342926,Mahabaleshwar
32.2396698,77.18874359,Manali
10.47109795,76.84346771,Parambikulam Road
27.3253727,88.61184692,Gangtok
15.28128242,76.42617035,State Highway 49
11.55163288,76.04026031,Vythiri
13.05295563,80.24834442,Tamil Nadu
11.58282185,76.0890274,Kalpetta
27.55220795,76.07641602,Rajasthan
32.23997498,77.18849945,Manali
26.21123314,78.1806488,Gwalior
13.11037064,80.27880859,Chennai
32.23873901,77.18447876,Manali
11.10256481,79.64956665,Koranad
17.92613029,73.65647888,Mahabaleshwar
9.498066902,76.3388443,Alappuzha
12.96738434,79.94171906,Tamil Nadu
22.17572975,75.58467865,Maheshwar
32.24338913,77.18913269,Himachal Pradesh
27.85176086,75.27404785,Nawalgarh
27.33946991,88.61215973,Gangtok
22.61322784,88.42940521,Kolkata
9.490807533,76.3236084,Alappuzha
12.96124172,80.26068878,Tamil Nadu
27.33115959,88.6114502,Gangtok
11.61754036,76.07344818,Kerala
27.32528305,88.61216736,Gangtok
26.79301262,82.20346832,Ayodhya
30.56430244,79.55086517,Joshimath
24.45824432,72.7638855,Abu Road
10.44214535,77.51807404,Palani
10.44184875,77.51613617,Tamil Nadu
9.446228027,76.36476898,Alappuzha
10.65659904,77.0038681,Pollachi
32.23161697,77.19596863,Manali
10.66449642,77.00728607,Pollachi
10.96406174,79.3411026,Tamil Nadu
11.78409767,78.21321106,Yercaud
9.456054688,77.79847717,Tamil Nadu
25.44705963,75.63633728,Rajasthan
11.65095234,76.33277893,Kerala
8.496793747,78.12676239,Tiruchendur
30.95850563,76.79158783,Himachal Pradesh
11.4014616,79.69572449,Chidambaram
10.96136284,79.38382721,Kumbakonam
10.96447086,79.39294434,Kumbakonam
27.33300209,88.61612701,Sikkim
22.56967545,88.34229279,Kolkata
13.01422691,80.22280884,Chennai
19.85699463,86.07393646,Sahukhanata
13.03997231,80.24729156,Chennai
20.25967598,86.65452576,Paradip
10.23280811,77.49330139,Kodaikanal
9.153835297,76.7352066,Adoor
12.87255764,74.84855652,Karnataka
14.8650198,74.1092453,Majali
26.17949867,91.75255585,Guwahati
13.0865221,80.21810913,Chennai
27.33076668,88.6110611,India
27.32439804,88.61147308,India
27.34081078,88.61162567,India
26.18434906,91.75154877,Assam
32.23411942,77.19309235,Manali
11.66496944,76.26243591,Chungam
12.87160683,74.85481262,Bendoor
12.87540054,74.84068298,Kodailbail
22.57736588,88.41731262,Kolkata
23.25185204,69.67565918,Gujarat
23.09104919,70.08791351,Meghpar Borichi
23.25086403,69.67489624,Bhuj
23.25174332,69.67737579,Gujarat
23.27083397,69.67372894,Gujarat
23.25164413,69.6758728,Bhuj
23.25103569,69.66915131,Bhuj
23.24984932,69.66952515,Bhuj
23.08545876,70.10796356,Gandhidham
24.57617188,80.82327271,Satna
19.69733238,73.5609436,Igatpuri
13.02573872,80.17707825,Chennai
12.97158432,80.15167999,Chennai
12.94775391,80.13789368,Tamil Nadu
11.65955257,76.1725769,Meenangadi
11.71371555,75.92274475,Kerala
17.4350338,78.48832703,Secunderabad
11.41196918,79.70035553,Chidambaram
13.0626173,80.25772858,Chennai
13.04524136,80.22571564,Tamil Nadu
17.43600273,78.48838043,Hyderabad
11.42520618,76.85461426,Kotagiri
11.43014622,76.83274078,Tamil Nadu
29.64332962,79.43714142,Uttarakhand
13.05294037,80.24830627,Tamil Nadu
22.51340294,88.38729095,Kolkata
23.37384224,85.32643127,Jharkhand
10.24218369,77.4950943,Kodaikanal
27.35624123,88.61549377,Gangtok
28.6328392,77.21585846,Delhi
12.95333004,80.14042664,Chennai
32.24616241,77.18268585,Manali
32.23965836,77.18871307,Manali
30.55651093,79.55198669,Joshimath
10.95615673,79.38103485,Kumbakonam
10.23659897,77.49475861,Kodaikanal
10.23057461,77.49369049,Kodaikanal
15.91500282,75.67681122,Badami
32.54747772,75.96707916,Dalhousie
11.66500282,76.26242828,Chungam
12.74713993,77.31069183,Basavanapura
12.25380039,79.4172821,Gingee
26.19120979,91.7533493,Guwahati
10.23665428,77.49626923,Tamil Nadu
27.34536743,88.60850525,Gangtok
10.24383926,77.5036087,Kodaikanal
10.25046062,77.50457001,India
10.2396946,77.49754333,Kodaikanal
10.23835659,77.49997711,Kodaikanal
10.23903847,77.49623871,Kodaikanal
10.95529366,79.39112091,Kumbakonam
24.71365547,78.14981079,Hotel Road
22.17025185,75.58054352,Maheshwar
24.26456642,80.73231506,Sahilara
11.52190208,76.02468872,India
11.77552509,78.20932007,Yercaud
11.39812756,79.69595337,Chidambaram
11.58690166,76.02033997,Kerala
10.2440176,77.48700714,Kodaikanal
10.10617161,76.70173645,Kerala
10.24893761,77.49009705,Kodaikanal
27.32712555,88.61035156,Gangtok
22.53298569,88.39220428,West Bengal
22.58948135,88.41134644,Kolkata
22.54316902,88.35774994,Kolkata
32.25485229,77.18186951,Manali
11.66642857,75.94161987,Kerala
10.97224903,79.38516235,Tamil Nadu
10.9478569,79.34197998,Kumbakonam
23.11729622,83.19124603,Ambikapur
9.494878769,76.36083984,Alappuzha
32.24016571,77.18861389,Himachal Pradesh
27.33421135,88.61269379,Gangtok
11.63040257,76.08768463,Kerala
13.08067513,80.26894379,Chennai
13.01578045,80.17077637,Chennai
26.73702431,83.89598846,Kushinagar
17.43167877,78.48803711,Secunderabad
10.24026775,77.49575806,Kodaikanal
22.72085953,71.65000153,Surendranagar
17.43304443,78.48854828,Secunderabad
13.01854229,80.26140594,Chennai
10.24346924,77.48807526,Kodaikanal
10.24755955,77.48468018,Kodaikanal
10.24071407,77.4835968,Kodaikanal
10.24261665,77.48848724,Kodaikanal
10.24151707,77.49507141,Kodaikanal
11.34843254,76.79366302,Coonoor
11.34833336,76.78567505,Tamil Nadu
11.77101707,78.21227264,Yercaud
13.03987312,80.24200439,Chennai
13.07755756,80.26171875,Chennai
13.03920269,80.22938538,Chennai
13.04095745,80.2353363,Chennai
13.0772953,80.26152039,Chennai
12.95897007,80.24446106,Chennai
13.05232143,80.21235657,Chennai
13.06423092,80.24311066,Chennai
13.04983139,80.23342896,Chennai
13.08301067,80.27043152,Tamil Nadu
13.03548336,80.24925995,Chennai
12.96284676,80.24611664,Chennai
13.03031731,80.22888947,Tamil Nadu
13.06652737,80.2723999,Chennai
13.04596138,80.25797272,Tamil Nadu
13.06617165,80.27500916,Chennai
13.05128574,80.21613312,Chennai
13.03607559,80.2305603,Chennai
12.87064362,74.84580994,Hampankatta
12.87342358,74.85578918,Karnataka
13.06408215,80.27811432,Chennai
13.08152676,80.27313995,Chennai
12.87043762,74.84689331,Hampankatta
22.53772736,88.33440399,India
13.06173515,80.26670074,Chennai
12.92901611,80.23249817,Okkiyam Thuraipakkam
13.04956245,80.24945831,Chennai
13.07329559,80.255867,Tamil Nadu
11.5343523,76.64118958,Sholur
13.07919407,80.25500488,Tamil Nadu
13.06369972,80.2110672,Chennai
13.07124138,80.26490021,Chennai
10.24942398,77.49959564,Kodaikanal
22.51581383,88.35353088,Kolkata
13.04826069,80.24258423,Tamil Nadu
13.03746128,80.23100281,Tamil Nadu
27.37144852,88.22221375,Sikkim
13.03314972,80.24700928,Chennai
13.03248596,80.25469971,Chennai
13.03314877,80.24700928,Chennai
12.95685005,80.14159393,Chennai
11.77774906,78.21994019,Yercaud
10.29112434,76.87581635,Tamil Nadu
26.62290955,92.79668427,Tezpur
10.50485706,76.87117004,Sethumadai
26.62636566,92.79006958,Tezpur
11.42711163,76.84227753,Kotagiri
29.97398186,76.87438965,Kurukshetra
12.96930504,80.14644623,Chennai
11.42032528,76.86998749,Kotagiri
24.92380714,73.83048248,Nathdwara
10.25052261,77.50218201,Kodaikanal
24.93331909,73.8167038,Nathdwara
22.17988014,75.59091949,Maheshwar
30.55790138,79.55926514,Uttarakhand
22.1768856,75.58266449,Maheshwar
10.4710207,76.8433075,Parambikulam Road
26.65470505,92.77288055,Tezpur
11.3801384,77.89502716,Tamil Nadu
11.30373573,76.93707275,Mettupalayam
25.13459587,73.57658386,Qila Kumbhalgarh
31.0456295,76.70406342,Nalagarh
22.1722374,75.58703613,Maheshwar
29.97400093,76.86161804,Kurukshetra
29.9689064,76.83839417,Haryana
25.11804199,73.59908295,Rajasthan
12.90165138,80.22977448,Chennai
13.02396202,80.20170593,Chennai
29.86913872,77.88874054,Roorkee
32.53654099,75.97592926,Dalhousie
32.53725052,75.9848175,Dalhousie
12.92259026,80.19983673,Chennai
11.77659893,78.22206116,Yercaud
10.95765781,79.38052368,Kumbakonam
26.18488121,91.74480438,Guwahati
17.92441368,73.65942383,Mahabaleshwar
32.24023438,77.18881989,Manali
13.06323528,80.26622772,Chennai
27.34150314,88.60482025,Gangtok
9.933291435,76.389328,Thrippunithura
32.53878784,75.96690369,Dalhousie
11.07933903,76.07012177,Malappuram
18.05595016,73.00798035,Shrivardhan
10.97667313,76.20554352,Angadipuram
30.1458683,78.59914398,Devaprayag
11.42505074,76.86675262,Kotagiri
13.03314686,80.26026154,Chennai
13.04522705,80.26164246,Tamil Nadu
11.42370987,76.86552429,Kotagiri
15.49503231,80.04803467,Ongole
11.39831161,76.7219162,Ooty
12.92942905,80.1175766,Tambaram
13.02921391,80.25556946,Chennai
13.02324772,80.25038147,Chennai
22.59951019,88.4128952,Kolkata
13.02996445,80.24217224,Chennai
13.01476002,80.22975159,Chennai
24.93648529,73.82662201,Nathdwara
13.02639866,80.23117828,Chennai
13.0842123,80.26969147,Chennai
11.62922382,76.12039948,Kerala
9.900003433,76.71700287,Kerala
13.06132221,80.27558899,Chennai
9.580522537,76.9677124,Kerala
11.52545261,76.02284241,Kerala
8.736701012,77.71146393,Tirunelveli
17.44372368,78.48162079,Secunderabad
13.06181622,80.26452637,Chennai
10.23809814,77.48918152,Kodaikanal
13.02272034,80.19975281,Chennai
9.978000641,76.5792923,Muvattupuzha
9.49078083,76.31941986,Alappuzha
9.464934349,76.36151123,Alappuzha
18.9969883,73.12018585,Maharashtra
10.25393486,77.49048615,Kodaikanal
13.06084728,80.2453537,Chennai
13.03859997,80.23983002,Chennai
13.03831291,80.23100281,Chennai
11.56466961,76.10655975,Kerala
9.646957397,76.38104248,Kannankara
27.03051567,88.26081085,Darjeeling
13.07355499,80.22135162,Tamil Nadu
13.07222843,80.20257568,Chennai
13.04014969,80.24510956,Tamil Nadu
11.77840805,78.19889069,Yercaud
27.32684708,88.61135864,Gangtok
13.08072376,80.266922,Chennai
17.91943169,73.76121521,Bhilar
9.507903099,76.35110474,Finishing Point
16.70440483,74.23497772,Kolhapur
13.03388596,80.24421692,Tamil Nadu
13.01725578,80.27046967,Chennai
17.43558884,78.50167847,Secunderabad
15.51178932,80.04129028,Ongole
10.66454601,79.44841003,Mannargudi
12.94369984,80.20927429,Chennai
12.96622944,80.1491394,Chennai
11.6507988,76.24977875,Kerala
8.496245384,78.12882233,Tiruchendur
14.84924507,74.13084412,Karwar
12.98116112,80.23148346,Chennai
27.32968521,88.61108398,India
31.53651237,78.25681305,Himachal Pradesh
28.57479668,77.26438141,Delhi
19.08072662,74.73227692,Ahmednagar
28.47922134,77.18730927,Delhi
28.55499458,77.22477722,Delhi
10.11185169,76.35458374,Aluva
27.32823181,88.6115036,Gangtok
13.05018425,80.21224976,Chennai
13.04123974,80.2357254,Chennai
16.86858368,79.56066895,Miryalaguda
28.65137291,77.19119263,Delhi
16.89926338,79.87417603,Huzur Nagar
22.51799011,88.32933807,Kolkata
11.84156036,76.05420685,Kartikulam - Mananthavady Road
22.54119492,88.35269928,Kolkata
22.51815987,88.35413361,Kolkata
22.6420784,88.4311142,Kolkata
17.14409828,79.62123108,Suryapet
22.54890633,88.40042877,Kolkata
12.23670197,79.64900208,Tindivanam
24.82692909,92.8013382,Silchar
16.9987011,79.95972443,Kodad
18.88093185,79.44467163,Mancherial
16.23546028,80.0474472,Narasaraopet
10.97213078,79.38065338,Kumbakonam
26.80572128,82.21364594,Ayodhya
29.31678009,73.89997864,Suratgarh
23.23330116,69.64491272,Gujarat
13.0200634,80.18353271,Manapakkam
13.03388596,80.2467041,Chennai
13.03388596,80.24671173,Chennai
10.5412674,76.98321533,Kottur
12.87072945,74.84181976,KS Rao Road
28.55059433,77.13018036,Delhi
13.98921108,74.55345917,Bhatkal
10.24405766,77.49816895,Kodaikanal
14.61483669,75.63504028,Ranebennur
13.62694836,74.69511414,Kundapura
12.87783432,74.84184265,Kodailbail
8.969003677,77.30244446,Tenkasi
12.66506672,79.54089355,Cheyyar
8.727993011,77.72162628,Tirunelveli
14.618536,74.2795639,Honnebail
11.37892342,77.89460754,Tiruchengode
13.04787922,80.24941254,Chennai
10.6671772,79.448349,Mannargudi
9.693487167,76.34468842,Cherthala
9.318910599,76.61185455,Chengannur
9.453310966,77.55401611,Rajapalayam
9.318916321,76.61184692,Chengannur
10.57556438,76.93369293,Anaimalai
9.318916321,76.61184692,Chengannur
10.96132565,79.65916443,Peralam
12.94080067,75.78131104,Karnataka
13.01416683,75.66546631,Devaladakere
12.97078991,80.15037537,Pallavaram
12.9619112,80.14946747,Tamil Nadu
8.733178139,77.71125793,Tirunelveli
9.262924194,76.78383636,Pathanamthitta
13.08497334,80.20380402,Chennai
9.445543289,77.80145264,Sivakasi
12.2284317,79.65285492,Tindivanam
10.32363033,76.95101166,Valparai
12.9712553,80.15074158,Tamil Nadu
9.440690041,76.82910919,Kunnam
9.320705414,76.61038208,Chengannur
12.96902847,75.8147583,Halasulige
9.906938553,76.70935059,Kerala
9.005281448,76.78347778,Kottarakkara
10.10646152,76.35691833,Aluva
9.388484955,76.57530212,Thiruvalla
9.1621418,76.72180176,Adoor
9.895820618,76.72501373,Thodupuzha
11.04310322,76.07982635,Malappuram
9.996250153,76.57215881,Muvattupuzha
10.06831741,76.61547089,Kothamangalam
10.18338203,76.3801651,Angamaly
9.582186699,76.97121429,Kuttikkanam
12.89967346,80.22843933,Chennai
9.979226112,76.58652496,Muvattupuzha
9.669582367,76.55654907,Ettumanoor
32.2541008,77.19208527,Bashisht
27.32916832,88.61692047,Sikkim
9.002131462,76.77255249,Kottarakkara
9.130787849,76.51448059,Oachira
26.75636482,88.79748535,National Highway 31
9.894031525,76.71331787,Thodupuzha
8.735215187,77.71028137,Tirunelveli
9.895822525,76.72499847,Thodupuzha
8.727193832,77.71518707,Tirunelveli
11.39608002,79.69360352,Chidambaram
9.312017441,76.6224823,Chengannur
32.2468338,77.17875671,Manali
14.4384861,74.42919159,Kumta
26.16954994,91.76254272,Assam
9.516880989,76.35597992,Alappuzha
13.05159664,80.26808929,Chennai
9.498064041,76.33885193,Alappuzha
26.87742615,88.27993011,West Bengal
22.56287766,88.36702728,Kolkata
13.0956974,80.19244385,India
12.94803905,80.24906921,Tamil Nadu
22.5634346,88.3533783,Kolkata
17.4641037,78.45777893,Hyderabad
22.55441666,88.35749054,Kolkata
32.2325058,77.19644928,Himachal Pradesh
19.71194267,72.75714874,India
25.14369202,73.57955933,Qila Kumbhalgarh
27.33394432,88.61277008,Sikkim
27.32266808,88.61058807,Gangtok
22.53706932,88.36273956,Kolkata
11.77527046,78.20925903,Yercaud
11.78939056,78.21156311,Yercaud
10.97734356,79.3720932,Tamil Nadu
11.64274502,76.11169434,Muttil
22.53874779,88.37612915,Kolkata
27.32820892,88.61157227,Arithang
27.33163261,88.6134491,Gangtok
27.33147049,88.61506653,Gangtok
27.33177757,88.61360931,Gangtok
27.338871,88.60670471,Gangtok
27.33069038,88.61101532,Gangtok
15.6205883,77.27849579,Adoni
27.31845665,88.60707855,Gangtok
23.36590385,85.32543945,Ranchi
17.54214859,73.5220871,Chiplun
32.53802872,75.97422791,Himachal Pradesh
13.06264973,80.25773621,Chennai
12.96566677,80.24449158,Tamil Nadu
22.57355499,88.43312073,Kolkata
22.52219582,88.32800293,Kolkata
13.08244133,80.24965668,Chennai
11.66250229,76.25439453,Sultan Bathery
10.2416563,77.49491882,Kodaikanal
27.34060478,88.60979462,Gangtok
12.96916199,79.94287109,Sriperumbudur
32.21780777,77.19671631,Manali
22.61854172,88.43206024,Kolkata
32.11086273,76.53625488,Palampur
17.48393822,73.18984222,Guhagar
27.33893585,88.60650635,Gangtok
32.53417969,75.97970581,Dalhousie
13.04222965,80.23573303,Chennai
12.96701813,80.15216827,Chennai
12.97707176,80.25215149,India
13.02296925,80.20639801,Chennai
10.44874668,77.52249146,Palani
11.8108387,76.05369568,Kerala
9.964081764,76.24472809,Kochi
22.59039879,88.41157532,Kolkata
13.00975323,80.25019836,Chennai
22.54451942,88.3635025,Kolkata
11.41434765,76.86633301,Tamil Nadu
11.41731358,76.86778259,Tamil Nadu
11.361063,76.80867004,Tamil Nadu
13.06151485,80.26410675,Tamil Nadu
23.99449348,85.36451721,Hazaribagh
11.55168629,76.04026031,Vythiri
13.08559418,80.27612305,Chennai
13.00046158,80.26392365,Chennai
13.08135891,80.26752472,Chennai
13.0971489,80.2906723,Tamil Nadu
13.06221104,80.27442932,Tamil Nadu
13.0196209,80.22337341,Tamil Nadu
10.9599781,79.39230347,Kumbakonam
22.57370567,88.4443512,Kolkata
9.510211945,76.32816315,Aryad South
22.6244297,88.43978119,Chinar Park
11.91171265,75.99581146,Thirunelly
11.27633381,76.22493744,Nilambur
11.15694523,75.95552826,Kondotty
17.9227047,73.66773987,Maharashtra
22.54229546,88.3618927,Kolkata
17.92592049,73.66181183,Mahabaleshwar
17.92601204,73.65782166,Mahabaleshwar
17.92453194,73.65836334,Mahabaleshwar
13.03279686,80.24004364,Chennai
13.03364277,80.22897339,Chennai
22.51507187,88.36540222,Kolkata
22.51436615,88.35275269,Kolkata
22.56803322,88.36493683,Kolkata
11.58533573,76.10009766,Kalpetta
21.40083885,77.32814026,Chikhaldara
22.52137756,88.39549255,Kolkata
10.25053978,77.48249054,Tamil Nadu
32.2151413,77.19728851,Manali
22.54146385,88.35310364,West Bengal
23.57196426,72.95648956,Himatnagar
12.97749138,80.15827942,Tamil Nadu
13.05579567,80.23283386,Chennai
11.78731441,78.2047348,Yercaud
26.20331383,78.16017914,Gwalior
22.62150383,88.4684906,Kolkata
9.44750309,77.80129242,Sivakasi
22.55294991,88.3543396,Kolkata
22.56443214,88.35310364,Kolkata
9.389592171,76.5785675,India
26.12203598,85.36473083,Bihar
22.57736015,88.42342377,Kolkata
13.42386436,75.28673553,India
13.41714859,75.25238037,Sringeri
17.48011398,73.19160461,Guhagar
9.527424812,76.35586548,Kottankulangara
10.44314671,77.51953888,Palani
22.55670929,88.35439301,Kolkata
22.52988625,88.37478638,West Bengal
22.55465889,88.35404968,Kolkata
13.02051163,80.22064972,Tamil Nadu
12.92655277,80.14776611,Tamil Nadu
22.57159233,88.4342804,Kolkata
12.97603607,80.2587738,Tamil Nadu
12.89597511,80.248909,Akkarai
13.00862408,80.25094604,Chennai
29.87437057,77.87660217,Roorkee
15.34090996,75.14432526,Hubli
13.03399086,80.23028564,Chennai
11.65436745,76.21665192,Kerala
22.58448219,88.40112305,Kolkata
22.51632118,88.35570526,Kolkata
22.56720352,88.35642242,Kolkata
23.72992516,92.71690369,Aizawl
22.53975296,88.35440826,Kolkata
18.0553894,73.00870514,Shrivardhan
23.06545639,70.14320374,India
13.04541492,80.08565521,Chennai
12.97859955,80.25241089,Chennai
11.59851265,76.08096313,Kalpetta
22.58336639,88.42893219,Kolkata
12.98166561,80.1381073,Tamil Nadu
28.08580208,76.19071198,Haryana
19.25829506,84.90573883,Odisha
14.71308613,74.82217407,Hulgol
14.49894714,74.36082458,Kagal
19.3567009,72.78474426,Vasai West
13.04402161,80.27113342,Chennai
12.98913288,80.25538635,Chennai
9.965858459,76.28634644,Ernakulam
13.04058075,80.23457336,Tamil Nadu
22.57962036,88.35690308,Kolkata
13.0452404,80.24487305,Chennai
13.04803562,80.26218414,Chennai
13.02666092,80.18319702,Chennai
22.5533123,88.35503387,Kolkata
12.9896946,80.26059723,Tamil Nadu
12.98718643,80.1882782,Chennai
22.51811409,88.36125946,Kolkata
22.50587654,88.34711456,Kolkata
13.08590508,80.22336578,Chennai
22.538311,88.36375427,Kolkata
26.11992645,85.38430786,Muzaffarpur
13.09277058,80.27524567,Chennai
22.5847187,88.42664337,Kolkata
22.51843262,88.3295517,Kolkata
22.64604568,88.43306732,Kolkata
22.57812881,88.42780304,Kolkata
13.08137512,80.26986694,Chennai
22.59106064,88.39743042,Kolkata
13.02929783,80.20888519,Anjugam Nagar
22.54635429,88.36161804,Kolkata
13.0660696,80.20996857,Chennai
13.03920746,80.22937775,Chennai
13.03428078,80.23587799,Chennai
22.5846138,88.41027069,Kolkata
22.58595848,88.40948486,Kolkata
13.04810333,80.20289612,Chennai
22.55418587,88.35118866,Kolkata
13.05072975,80.22682953,Chennai
22.6466217,88.43397522,West Bengal
13.03574371,80.18484497,Chennai
22.55582237,88.35700226,Kolkata
10.49827194,76.86984253,Tamil Nadu
22.54693413,88.35535431,Kolkata
22.53602982,88.35446167,West Bengal
22.57429504,88.35190582,India
22.5274086,88.34624481,Kolkata
13.0054121,80.25724792,Chennai
22.55003548,88.35486603,Kolkata
13.03505421,80.23939514,Chennai
22.54277802,88.37102509,Kolkata
13.06580925,80.27442932,Chennai
13.15834332,77.41104126,Byrasettihalli
12.97744942,77.57759857,4th Main Road
19.08150864,72.837677,Mumbai
12.9653883,77.58496857,6
12.97360325,77.57913208,Karnataka
12.9838171,77.58526611,Karnataka
19.01671791,72.84631348,Mumbai
19.01973915,72.84207916,Mumbai
18.52724266,73.87665558,Pune
18.92404556,72.83245087,Maharashtra
18.52791214,73.87677002,Pune
31.10759735,77.16529083,Shimla
12.9691,77.60029602,India
18.94058418,72.82756042,Maharashtra
31.64255714,74.86371613,Punjab
17.38536072,78.47787476,Hyderabad
30.31377411,78.04584503,Dehradun
31.31950378,75.58724976,Jalandhar
13.62446213,79.43100739,Tirupati
18.91859245,72.83181763,Mumbai
30.32030678,78.02490234,Dehradun
30.32030487,78.02490234,Uttarakhand
31.10636139,77.1723175,Shimla
19.10975456,72.82537842,Mumbai
19.0702343,72.83982086,Mumbai
13.62554741,79.43234253,Tirupati
18.93371582,72.82516479,Mumbai
12.93689537,77.51714325,Mysore Road
18.95290947,72.84148407,Mumbai
31.65378571,74.86355591,Amritsar
12.98545265,77.5791626,Gandhi Nagar
19.05623627,72.83427429,Mumbai
19.08822441,72.84205627,Mumbai
30.39759445,78.09335327,Uttarakhand
31.62234497,74.88004303,Punjab
17.78545189,83.38478851,Visakhapatnam
31.63932037,74.86697388,Albert Road
17.39382744,78.47020721,Hyderabad
18.5117588,73.82480621,Pune
19.0844326,72.8447876,Mumbai
31.09958267,77.17601776,Shimla
11.01237583,76.96286774,Tamil Nadu
19.11854744,72.85066223,Mumbai
19.071455,72.83381653,Mumbai
18.57443237,73.89087677,Tingre Nagar
18.50905418,73.85734558,Pune
18.53754616,73.87167358,Pune
18.51941109,73.84203339,Maharashtra
18.51884842,73.83630371,Pune
18.51375961,73.83685303,Maharashtra
18.49752617,73.81349945,Maharashtra 
18.49272728,73.86958313,Gultekdi
18.52277946,73.84464264,Pune
31.63134956,74.86023712,Amritsar
19.09352493,72.85488892,Mumbai
31.10536766,77.16467285,Shimla
19.08105278,72.84336853,Mumbai
12.97377777,77.575737,75
19.0668335,72.83028412,Mumbai
17.40530586,78.463974,Hyderabad
30.33468246,78.05348206,Dehradun
17.37111092,78.42940521,Hyderabad
31.10246086,77.17699432,Himachal Pradesh
12.97284508,77.6076889,54
31.10590172,77.17832947,Shimla
17.71725845,83.30164337,Visakhapatnam
30.36390305,78.0695343,Uttarakhand
30.32823372,78.04940796,Dehradun
31.62892342,74.86477661,Amritsar
31.63518906,74.87200928,Amritsar
12.97686672,77.57943726,Gandhi Nagar
12.97458458,77.57110596,Upparpete
19.0849762,72.84394073,Mumbai
12.97233677,77.61515045,Karnataka
12.96634388,77.59493256,Sampangi Rama Nagar
19.07997704,72.85443878,Mumbai
19.05627251,72.83938599,Mumbai
17.44204712,78.48661804,1/7/2027
19.01221848,72.84215546,Mumbai
19.08969116,72.82772827,Mumbai
19.09801483,72.85434723,Mumbai
13.62789726,79.41940308,Tirupati
18.97611237,72.83402252,Mumbai
19.09884453,72.84444427,Mumbai
12.96565723,77.58953857,Sampangi Rama Nagar
18.51980782,73.87091827,Pune
31.10498619,77.17419434,Shimla
12.97122669,77.60069275,14
12.980443,77.60453033,66
12.97823906,77.57554626,Gandhi Nagar
12.98808193,77.58263397,Karnataka
19.09122849,72.82793427,Maharashtra
18.53592491,73.8804245,Pune
13.02085972,77.55522156,Yeshwanthpur
24.53697395,81.29611969,Rewa
25.61046219,85.14296722,Patna
18.53146362,73.8747406,Maharashtra
31.63854408,74.84998322,Amritsar
30.3160553,78.03447723,Dehradun
31.09072113,77.18132782,Shimla
30.31251907,78.03620148,Dehradun
18.53886223,73.88905334,Pune
31.64147186,74.86963654,Punjab
25.61004829,85.12942505,Patna
31.1002388,77.17588043,Shimla
25.61232185,85.13724518,Patna
31.10031891,77.16999054,India
31.10541725,77.16725922,Shimla
31.63463211,74.87502289,Punjab
21.20489311,72.8408432,Gujarat
31.61984062,74.90762329,Amritsar
30.27728081,77.98908997,Dehradun
18.53471184,73.87612915,Maharashtra
18.52343559,73.86610413,Pune
18.5269146,73.87430573,Pune
18.52459145,73.84163666,Pune
18.52518082,73.87593079,Pune
17.37727547,78.47432709,Hyderabad
18.53780174,73.83545685,Pune
18.53501701,73.87666321,Pune
19.06082726,72.89855194,Mumbai
12.97646713,77.58058167,Karnataka
18.53076935,73.87435913,Pune
19.06811714,72.83756256,Mumbai
13.63011265,79.420578,Tirupati
23.23389816,77.43122101,Madhya Pradesh
12.97661114,77.57868958,Gandhi Nagar
12.93604469,77.58370972,Karnataka
23.24058723,77.38689423,Madhya Pradesh
18.96192932,72.81742096,Mumbai
12.97382736,77.60663605,Rest House Road
30.34871864,78.06208038,Dehradun
31.64360046,74.90918732,Amritsar
12.93604469,77.62161255,Koramangala
21.20569229,72.83861542,Gujarat
9.920519829,78.11231995,Tamil Nadu
17.67518425,75.90058136,Solapur
17.39895058,78.46240234,Hyderabad
17.72054482,83.33615112,Visakhapatnam
23.26714706,77.36823273,Bhopal
17.49129105,78.40159607,Hyderabad
17.40746498,78.47027588,Hyderabad
31.10373116,77.16439056,Himachal Pradesh
31.09156418,77.17791748,Shimla
18.51802254,73.83631897,Pune
17.44115829,78.49355316,Secunderabad
17.40453529,78.47625732,Hyderabad
19.11662483,72.88251495,Maharashtra
12.97248936,77.57164001,Karnataka
17.40261841,78.46313477,Red Hills
18.19478226,73.31352234,Maharashtra
19.09806633,72.8475647,Mumbai
30.32815933,78.04620361,Uttarakhand
17.38960075,78.31665039,Hyderabad
17.39345932,78.47042084,Hyderabad
30.32014656,78.04150391,Dehradun
19.08786392,72.82631683,Mumbai
18.9687748,72.82360077,Mumbai
17.44485474,78.47144318,Hyderabad
31.10704613,77.1785202,Shimla
13.62626457,79.42702484,Tirupati
13.62687492,79.42802429,Tirupati
18.52665138,73.84910583,Pune
18.96211433,72.82059479,Mumbai
12.94005775,77.6247406,Koramangala
17.71294594,83.29756165,Daba Gardens
13.64242363,79.42914581,Tirupati
17.42210388,78.44158173,Hyderabad
12.99765301,77.60086823,Jayamahal
17.41725159,78.45568848,Khairatabad
12.95816803,77.64412689,Kodihalli
18.52455139,73.84199524,Pune
18.50871658,73.844841,Pune
18.52044678,73.84087372,Maharashtra
17.39208031,78.47556305,Hyderabad
18.99892426,72.84007263,Mumbai
11.00620174,76.96775818,Coimbatore
17.68688965,83.2184906,Gajuwaka
12.94828701,77.59783173,Wilson Garden
9.919706345,78.11192322,Madurai
17.67777443,75.89751434,Solapur
18.53131104,73.85050964,Narveer Tanaji Wadi
18.5265522,73.84210968,Pune
18.51636505,73.84307861,Pune
19.10422897,72.85931396,Mumbai
18.96520996,72.81894684,Mumbai
17.67786026,75.89750671,Solapur
17.4247303,78.45937347,Somajiguda
23.23481178,77.43315887,Bhopal
9.921797752,78.11245728,Madurai
12.99187183,77.55758667,Rajajinagar
31.08869743,77.17970276,Himachal Pradesh
23.78546524,86.41764069,Dhanbad
12.97775555,77.57689667,Gandhi Nagar
30.32708931,78.04497528,Dehradun
19.80159187,85.84136963,Puri
12.89678764,77.57042694,Karnataka
31.09871864,77.17671204,Shimla
12.97627068,77.57854462,Gandhi Nagar
11.00788689,76.95111084,Coimbatore
31.10107994,77.17639923,Shimla
18.9642086,72.81830597,Mumbai
18.51007462,73.87879181,Pune
21.19847679,72.84302521,Surat
18.92244148,72.83171082,Maharashtra
12.97928524,77.57737732,Gandhi Nagar
19.81344986,85.8314743,Puri
19.79011345,85.80832672,Puri
17.38997078,78.49373627,Hyderabad
17.66732597,75.89759827,Solapur
19.11955833,72.89050293,Maharashtra
18.91883469,72.83181763,Mumbai
18.5276165,73.87828064,Maharashtra
19.10111237,72.84526062,Maharashtra
30.33607483,78.05493164,Dehradun
23.23477554,77.43280029,Bhopal
9.920215607,78.1161499,Madurai
12.93071365,77.58136749,27th Cross Road
12.93071365,77.58136749,27th Cross Road
17.71052933,83.30046844,Visakhapatnam
17.72316742,83.30931091,Andhra Pradesh
17.4414196,78.50099182,Secunderabad
10.99686337,76.96790314,Coimbatore
18.93978691,72.83857727,Mumbai
19.0957737,72.8269577,Maharashtra
18.91720581,72.8276825,Mumbai
18.96261978,72.81407928,Mumbai
18.91913605,72.83200836,Mumbai
12.98347664,77.59436798,Sampangi Rama Nagar
12.95658398,77.59233856,Raja Ram Mohanroy Extension
19.11923218,72.87417603,Mumbai
18.93512535,72.8335495,Mumbai
12.92247009,77.55730438,Banashankari
18.94682312,72.84023285,Mumbai
18.93276596,72.82373047,Maharashtra
19.09892464,72.82784271,Maharashtra
18.96414375,72.80604553,Mumbai
19.78962135,85.80516815,Puri
21.2049675,72.8408432,Gujarat
12.97300434,77.60694122,Brigade Road
21.20189667,72.83940125,Gujarat
12.977314,77.57953644,Gandhi Nagar
11.00131321,76.9779892,Coimbatore
17.72538376,83.30162048,Visakhapatnam
18.9240551,72.83293915,Mumbai
19.11369705,72.87139893,Mumbai
19.11178017,72.87132263,Mumbai
19.16356087,72.84775543,Mumbai
11.00697899,76.95166779,Tamil Nadu
12.97928524,77.57479095,Subedar Chatram Road
12.98603058,77.73640442,Whitefield
17.43553162,78.48831177,Hyderabad
17.40267181,78.46059418,Hyderabad
17.42085457,78.45707703,Hyderabad
19.8053894,85.83565521,Puri
17.38275528,78.48480225,Hyderabad
19.80978775,85.84046173,Puri
17.48337364,78.55033112,Secunderabad
19.79848289,85.83390045,Odisha
17.43861771,78.48843384,Ramgopalpet
17.39333725,78.46078491,Hyderabad
19.8026104,85.84122467,India
17.44206429,78.48582458,Ramgopalpet
18.56591034,73.9185791,Maharashtra
13.6270256,79.42938232,Tirupati
18.96158218,72.82155609,Mumbai
13.63075733,79.42591858,Tirupati
18.52270508,73.86839294,Pune
19.09802818,72.82704926,Mumbai
18.94820786,72.83547974,Mumbai
19.11340332,72.84460449,Mumbai
19.08460426,72.83457184,Mumbai
18.95974159,72.81814575,Mumbai
19.02220917,72.84249115,Mumbai
18.93513489,72.83391571,Mumbai
12.97876167,77.57514191,Gandhi Nagar
12.97761536,77.71350861,Karnataka
12.97890568,77.57492065,Gandhi Nagar
18.95408821,72.79808807,Mumbai
17.42397118,78.41202545,Hyderabad
17.42474937,78.43227386,Hyderabad
17.43335533,78.3680191,Hyderabad
17.44441986,78.46565247,Hyderabad
9.919018745,78.11283875,Madurai
17.39042664,78.46780396,Hyderabad
17.43524551,78.45052338,Hyderabad
17.4540863,78.49904633,Secunderabad
17.3850441,78.48667145,Hyderabad
17.44062042,78.48025513,Hyderabad
17.39409637,78.47054291,Hyderabad
12.95654488,77.59233093,Karnataka
17.45856857,78.37057495,Hyderabad
17.43330002,78.48822021,Ramgopalpet
31.10343552,77.15386963,Shimla
21.19779015,72.83247375,Surat
18.52723503,73.87347412,Pune
9.929766655,78.09508514,India
19.80189896,85.84042358,Puri
18.52215385,73.84424591,Pune
9.923303604,78.11985779,Tamil Nadu
13.08914661,77.44387054,Karnataka
18.51809692,73.84309387,India
18.52382278,73.84156799,Pune
31.29588509,75.65027618,Jalandhar
17.71645737,83.31050873,Visakhapatnam
10.99603367,76.96833038,Coimbatore
9.92526722,78.11976624,Madurai
10.96370697,76.97169495,Coimbatore
23.2428093,77.38129425,Madhya Pradesh
11.07888699,77.00382996,Coimbatore
31.64285088,74.86237335,Punjab
31.63889313,74.86650085,Amritsar
31.10611343,77.16748047,Himachal Pradesh
31.64356995,74.90920258,Amritsar
21.46681595,83.97782135,Sambalpur
17.40395927,78.46525574,Hyderabad
23.23796654,77.39596558,Madhya Pradesh
23.24230957,77.38806152,Bhopal
12.9349947,77.62844849,15th Main
12.91040993,77.60050964,BTM Layout
18.33351326,72.9545517,Murud
18.96367264,72.80654907,Maharashtra
30.33015633,78.04580688,Dehradun
12.87247467,77.6415329,Singasandra
31.09219742,77.1741333,Shimla
12.98551273,77.57928467,Bengaluru
12.9756279,77.59927368,Lavelle Road
12.99692631,77.59741974,Jayamahal
12.97064877,77.61315155,Brunton Cross Road
12.97051811,77.61351776,Brunton Cross Road
12.97051811,77.61351776,Brunton Cross Road
11.10563946,77.16521454,Karumathampatti
12.96072197,77.64651489,Kodihalli
12.95199108,77.71244049,Silver Springs Layout
12.93655777,77.61663818,Koramangala
31.10825539,77.16591644,Shimla
13.03129864,77.58880615,Karnataka
12.93733215,77.57401276,Karnataka
9.904497147,78.09658051,Tamil Nadu
18.91898918,72.83048248,Mumbai
18.95887566,72.81838989,Mumbai
26.76119041,94.20628357,Jorhat
19.05046082,72.82926178,Mumbai
12.97399998,77.71456909,Whitefield
12.95763493,77.60429382,Langford Town
19.09864235,72.82685852,Mumbai
19.02469254,72.83562469,Mumbai
19.12236977,72.87085724,Mumbai
18.53364754,73.85202026,Pune
12.97772217,77.57733917,Gandhi Nagar
12.98327827,77.59150696,Rajbhavan Road
19.06865692,72.83880615,Mumbai
19.07570267,72.82701874,Mumbai
17.38988686,78.49539948,Hyderabad
11.01689434,76.95584869,Coimbatore
17.38574409,78.4786377,Hyderabad
17.42278481,78.42888641,Hyderabad
12.97276878,77.60028076,Karnataka
12.99392128,77.57116699,Bengaluru
12.97159958,77.61573029,Mahatma Gandhi Road
12.79772186,77.50084686,Karnataka
12.97904205,77.57609558,Gandhi Nagar
13.02078438,77.55526733,Bengaluru
12.97932053,77.57661438,Gandhi Nagar
12.98027897,77.60495758,Infantry Road
11.01554298,76.96496582,Coimbatore
12.97895813,77.57629395,Gandhi Nagar
12.95681095,77.59294891,Kengal Hanumanthaiah Road
17.3687191,78.52632904,Hyderabad
17.39096642,78.47031403,Hyderabad
17.4166584,78.54469299,Hyderabad
12.97262192,77.60809326,Karnataka
12.9802618,77.57659912,Gandhi Nagar
19.10065269,72.82723999,Mumbai
12.91225815,77.59776306,Karnataka
17.42800713,78.44668579,Hyderabad
12.93318844,77.58328247,Jayanagar
12.81686497,77.67429352,Bengaluru
12.97899532,77.57020569,Bengaluru
11.01701832,76.96114349,Coimbatore
9.92053318,78.11170197,Madurai
9.917872429,78.11262512,Madurai
18.93220139,72.82702637,Mumbai
18.95197868,72.83119965,Mumbai
12.9316349,77.63265228,80
12.94381618,77.57437897,Basavanagudi
12.98094082,77.57667542,22/4
12.98962212,77.5383606,Basaveshwara Nagar
12.97459412,77.6076355,Ashok Nagar
19.7911377,85.8108902,Puri
19.79347992,85.81960297,Puri
25.66887856,94.10610199,Kohima
31.3324604,75.58537292,Jalandhar
9.920920372,78.12003326,Madurai
13.03036022,77.6320343,HBR Layout
12.91093826,77.5792923,Karnataka
13.00279999,77.75642395,India
10.99713516,76.96925354,Coimbatore
13.64660454,79.40614319,Tirupati
17.44228935,78.48664856,Ramgopalpet
13.02796745,77.63379669,Kalyan Nagar
13.02231407,77.59489441,RT Nagar
12.90559864,77.5855484,24th Main Road
19.01708221,72.84463501,Maharashtra
30.30754852,78.01719666,Dehradun
12.95569324,77.57992554,Kalasipalayam
19.10795403,72.87969971,Mumbai
31.62149048,74.87850952,Punjab
9.936228752,78.08712006,Tamil Nadu
27.48493385,94.90275574,Dibrugarh
19.1395092,72.83359528,Mumbai
10.99790287,76.96202087,Tamil Nadu
13.02714729,77.54380035,Yeshwanthpur
18.94298935,72.82772827,Mumbai
30.28476715,77.99729156,Uttarakhand
18.93818665,72.83547974,Maharashtra
18.94275475,72.82907104,Mumbai
12.97037697,77.6468277,Indira Nagar
18.56384277,73.78202057,Pune
18.62752724,73.80351257,Pimpri
10.92736053,76.75372314,Tamil Nadu
17.45492744,78.36917877,Hyderabad
12.97244167,77.57368469,JM Lane
18.58307838,73.7330246,Pune
18.58307838,73.7330246,Pune
17.43017769,78.37503052,Hyderabad
19.05530167,72.84484863,Maharashtra
10.91804504,79.83340454,Karaikal
12.97328377,77.60730743,Karnataka
12.97181225,77.58060455,Karnataka
31.6201973,74.87485504,Amritsar
17.38799858,78.4777298,Hyderabad
10.92128468,79.83769226,Karaikal
12.9846983,77.57836914,Karnataka
19.79959488,85.82939148,Puri
18.53798676,73.91096497,Pune
18.52634621,73.85221863,Pune
31.65779686,74.86159515,India
16.71195412,81.11003876,Eluru
19.10543442,72.86256409,Maharashtra
17.38865471,78.1810379,India
18.95606232,72.81890106,Mumbai
19.10692215,72.88957977,Maharashtra
19.09200478,72.88275909,Maharashtra
18.60393906,73.75382233,Wakad
12.96044159,77.6359787,1st Main Road
17.40508652,78.46460724,Hyderabad
30.91952515,75.84267426,Ludhiana
31.61887932,74.87752533,Punjab
12.96892929,77.60025787,India
18.53022957,73.83759308,Maharashtra
17.42460632,78.45384979,Hyderabad
30.37214851,78.05737305,Dehradun
16.71229172,81.09830475,Eluru
31.62936783,74.87776184,Amritsar
31.10004807,77.17562866,Shimla
11.02037716,77.02243805,Coimbatore
19.13743782,72.84668732,Mumbai
13.02633381,77.63963318,Chelekare
20.65034866,85.597229,Dhenkanal
21.465765,83.97683716,Odisha
17.46237373,78.36752319,Hyderabad
19.05970764,72.83422089,Mumbai
20.65895081,85.5951767,Dhenkanal
12.90523911,77.60385132,Bilekahalli
18.55060005,73.90416718,Pune
17.72723579,83.31549072,Visakhapatnam
12.97666264,77.57125092,Majestic
12.97868919,77.57906342,Karnataka
17.45552826,78.36847687,Hyderabad
18.56665039,73.9154129,Pune
31.63404846,74.87226105,Amritsar
19.07029915,72.83982849,Mumbai
31.06204033,77.17803955,Shimla
31.10460663,77.17343903,Shimla
12.81952095,77.68912506,Electronic City
12.93309879,77.62759399,Karnataka
12.93883514,77.63002777,Ejipura
12.97757244,77.61763763,Ulsoor
12.97853374,77.57865906,Gandhi Nagar
31.61891556,74.88591003,Punjab
9.947180748,78.16184235,Tamil Nadu
17.46237946,78.36751556,Hyderabad
31.10390854,77.16779327,Shimla
12.97376728,77.60670471,Ashok Nagar
17.44740486,78.36207581,Hyderabad
13.61058044,79.44235229,Tirupati
13.62446404,79.43100739,Tirupati
13.64216614,79.42897034,Tirupati
13.63701153,79.42759705,Tirupati
17.76838684,83.36376953,Visakhapatnam
12.93214989,77.68554688,Bengaluru
30.33801842,78.05822754,Dehradun
13.1580801,77.62479401,Karnataka
18.53256035,73.83750153,Maharashtra
9.937883377,78.13282013,Tamil Nadu
17.42756081,78.44141388,Hyderabad
31.63745117,74.86791229,Amritsar
13.04378223,77.55264282,Jalahalli
17.72848892,83.30354309,Andhra Pradesh
9.924099922,78.13915253,Madurai
9.916769981,78.12447357,Madurai
9.921015739,78.14886475,Madurai
9.924284935,78.11468506,Madurai
17.40729904,78.44042206,Hyderabad
12.97665024,77.57595825,Karnataka
11.02587414,76.9431076,Coimbatore
11.00862885,76.9815979,Tamil Nadu
10.99663925,76.9690094,Coimbatore
11.01141167,76.96562195,Coimbatore
10.99602604,76.96834564,Coimbatore
19.78936577,85.80575562,Puri
19.01684952,72.82922363,Mumbai
31.09946251,77.17601776,Shimla
11.01834679,76.96892548,Coimbatore
31.62713432,74.88443756,Amritsar
12.92994881,77.67637634,Bellandur
23.21125984,77.43289185,Madhya Pradesh
13.037673,77.52359772,Peenya
31.64995193,74.86288452,Punjab
12.95556736,77.58727264,Sudhama Nagar
19.09678078,72.88497162,Mumbai
19.79801369,85.82395172,Puri
31.12967873,77.22835541,Mashobra
13.02314568,77.55291748,Yeshwanthpur
18.53724861,73.881073,Pune
23.79814529,86.42778015,Dhanbad
18.96906281,72.82420349,Maharashtra
31.64360809,74.90918732,Amritsar
13.60770226,79.4509201,Sannidhi Street
19.12581253,72.86304474,Mumbai
19.11063194,72.87151337,Mumbai
12.98909092,77.57407379,3
30.30415535,78.01197052,Dehradun
9.9432621,78.15196228,Madurai
12.97457886,77.57242584,India
19.12767601,72.86804962,Mumbai
19.11973572,72.87762451,Mumbai
9.92468071,78.13897705,Madurai
12.97818661,77.57939148,Gandhi Nagar
12.98012829,77.5739212,Seshadri Road
12.93652058,77.57681274,Karnataka
12.83982086,77.66384888,Electronics City Phase 1
12.92908382,77.5825882,Jayanagar
12.85194969,77.66713715,Konappana Agrahara
12.95736027,77.66235352,Murugeshpalya
12.87406445,77.6470871,Bengaluru
12.93340969,77.62216949,Karnataka
12.95691299,77.65378571,K R Garden
12.96640396,77.59632111,Lavelle Road
13.02052307,77.58426666,Bellary Road
12.97511768,77.60688782,Karnataka
30.37939835,78.0763855,Malsi
12.9747839,77.61459351,Ulsoor
12.99062824,77.59320831,18
12.92053509,77.58361816,Jayanagar
12.97140408,77.59513092,Karnataka
12.96056461,77.71463776,AECS Layout
12.96980476,77.60694885,Ashok Nagar
12.97254658,77.62017822,Jogupalya
12.95929432,77.64342499,Karnataka
31.61683464,74.87856293,Amritsar
12.96488762,77.606987,Hosur Road
18.50649261,73.92683411,Pune
13.00098515,77.61399841,Madhavaraya Mudaliar Road
13.08029175,77.58765411,Yelahanka
12.96616364,77.606987,1
12.97464466,77.65177917,New Thippasandra
12.93772602,77.62543488,Koramangala
12.91319942,77.63520813,HSR Layout
18.91230011,72.82214355,Mumbai
12.95655823,77.64186859,Karnataka
12.93340969,77.62216187,Karnataka
18.53495216,73.8766861,Pune
13.08106422,77.41927338,Karnataka
13.02326107,77.56281281,Mathikere
12.93527889,77.60798645,Venkateshwara Layout
12.93277454,77.63056946,Koramangala
12.82978725,77.59619904,Karnataka
12.93399143,77.62640381,Karnataka
12.79034138,77.751297,India
12.95786667,77.64054108,Domlur I Stage
31.64357567,74.90918732,Punjab
31.6194191,74.87889099,Punjab
31.10003662,77.1700058,Shimla
31.63516808,74.87321472,Amritsar
12.9770813,77.64144897,2
31.62172318,74.87641144,Punjab
31.64356804,74.90918732,Amritsar
31.66469193,74.914711,Amritsar
31.65156555,74.86156464,Amritsar
31.63161469,74.86022186,Amritsar
31.64297867,74.86299896,Amritsar
31.64190865,74.87028503,Amritsar
31.63517189,74.87202454,Amritsar
31.63513565,74.87192535,Amritsar
31.63516426,74.87202454,Amritsar
31.62163925,74.87586212,Amritsar
31.63775253,74.86579895,Amritsar
31.64407158,74.87683105,Punjab
31.62174416,74.87671661,Punjab
31.64357758,74.90918732,Punjab
31.62016487,74.87831116,Punjab
31.64081764,74.8572998,Amritsar
31.63524818,74.87352753,Amritsar
18.55522919,73.77227783,Pune
28.64203453,77.2171936,Delhi
19.11123657,72.89888,Maharashtra
30.28070259,78.97283936,Bhanadhar
19.11234665,72.86693573,Maharashtra
31.62158012,74.876091,Amritsar
31.63561058,74.87325287,Amritsar
31.63399506,74.87226868,Amritsar
17.77600479,73.11483765,Murud
31.63974762,74.89201355,Punjab
12.9337616,77.61013794,Karnataka
19.11837959,72.86333466,Mumbai
31.63399506,74.87226868,Amritsar
12.97217941,77.71780396,India
25.64814758,94.10406494,Kohima
31.63541031,74.87336731,Amritsar
19.11710358,72.88213348,Mumbai
31.64356041,74.90918732,Amritsar
19.1318512,72.86946869,Mumbai
18.52401924,73.84164429,Pune
17.40158081,78.48589325,Hyderabad
12.97990227,77.57457733,32
19.11504745,72.87097168,Mumbai
18.33691788,72.95708466,Murud
19.82416725,85.85181427,Puri
31.64544106,74.87014008,Amritsar
17.71787834,83.29292297,Visakhapatnam
31.59897614,74.90918732,Punjab
31.63568306,74.87424469,Punjab
18.50296021,73.92337036,Pune
9.917439461,78.11368561,Tamil Nadu
18.95902252,72.81704712,Maharashtra
17.65428734,75.90863037,Solapur
12.90315533,77.58602905,JP Nagar VI Phase
15.3565588,76.44218445,Karnataka
15.33442783,76.46365356,Hampi
17.92036819,73.79385376,Panchgani
29.47529984,79.64289856,Mukteshwar
15.33440495,76.46064758,Karnataka
31.09782982,77.26738739,Himachal Pradesh
30.22365189,74.93896484,Bathinda
13.23154354,75.36025238,Kalasa
21.20889854,81.35108185,Bhilai
9.597208977,77.17304993,Kumily
8.180447578,77.43151855,Nagercoil
8.181453705,77.43021393,Nagercoil
21.62549591,87.52973938,Digha
27.48594284,77.45324707,Govardhan
22.47074699,70.07118225,Gujarat
22.71892166,75.87861633,Madhya Pradesh
15.58469582,73.73897552,Anjuna
12.3218689,76.64993286,Karnataka
28.01203728,73.3384552,Bikaner
27.15773201,78.05586243,Basai
12.30270767,76.66303253,Ittige Gudu
23.17455864,75.7907486,Ujjain
22.28965187,70.80256653,Gujarat
8.400924683,76.97882843,Thiruvananthapuram
23.16406631,79.95896912,Jabalpur
25.33609772,82.98509979,Uttar Pradesh
26.47426033,80.34796906,Uttar Pradesh
25.45484352,81.83554077,Uttar Pradesh
21.13550568,79.07658386,Maharashtra
26.29646301,73.02071381,Jodhpur
10.75137901,76.2722702,Kerala
11.26715279,75.77670288,Kozhikode
25.14541435,82.56220245,Mirzapur
22.31021881,73.16905212,Vadodara
32.23963165,77.18871307,Manali
22.2940712,70.80337524,Rajkot
22.28569031,70.80107117,Gujarat
26.83108902,80.9256134,Lucknow
24.57560921,73.69638062,Udaipur
26.44329834,74.6427002,Ajmer
19.88764954,75.27977753,Aurangabad
21.2466259,81.633255,Raipur
24.58293724,73.67633057,Udaipur
24.57940483,73.68286133,Rajasthan
26.91180038,70.91269684,Jaisalmer
28.01441574,73.33540344,Bikaner
19.87213707,75.31489563,Maharashtra
19.86820221,75.31855774,Aurangabad
15.41836452,75.04166412,Karnataka
12.84294128,79.70214081,Kanchipuram
25.31285858,83.01610565,Uttar Pradesh
26.87033272,70.66530609,Damodara
15.56642437,73.75064087,Goa
10.95733833,78.08094025,Karur
24.59615326,73.69850159,Udaipur
29.38534355,79.46287537,Nainital
13.00325489,76.09977722,Hassan
26.85339546,80.94767761,Lucknow
27.50207138,77.68927765,Mathura
24.57528687,73.68006134,Udaipur
24.59062576,73.68174744,Rajasthan
19.87565422,75.33425903,Maharashtra
22.71909142,75.88171387,Indore
26.46452522,74.63586426,Ajmer
25.31056595,83.01052094,Varanasi
13.00237846,76.10228729,Karnataka
27.56098938,76.62178802,Rajasthan
29.39316559,79.45085907,Nainital
27.16814423,78.05060577,Agra
15.59133053,73.81222534,Mapusa
27.50881958,77.67156982,Mathura
15.55585098,73.75387573,Baga
16.82401085,75.71542358,Bijapur
24.58573914,73.68126678,Udaipur
27.49308014,77.67793274,Mathura
28.01878166,73.31555939,Bikaner
28.01730537,73.33698273,Bikaner
28.03865242,73.32769775,Bikaner
26.9117794,70.91272736,Jaisalmer
25.28865242,83.00676727,Uttar Pradesh
26.26566315,73.03639221,Jodhpur
27.16087151,78.03095245,Agra
31.95470238,77.10968018,Himachal Pradesh
26.29622841,73.0227356,Jodhpur
26.91221428,70.91178131,Rajasthan
26.91631889,70.9107666,Jaisalmer
16.82703018,75.7296524,Karnataka
24.57728577,73.68520355,Udaipur
25.74594116,71.39543152,Barmer
29.39490318,79.44245148,Uttarakhand
26.01688766,76.35098267,SH 1
22.29711151,70.8012619,Rajkot
16.87065506,75.72024536,Hanchinal
26.90600777,75.79703522,Jaipur
28.01245689,73.31446075,Bikaner
24.57825851,73.68023682,Udaipur
13.00240993,76.10850525,Hassan
26.91640282,70.88635254,Jaisalmer
13.00182915,76.09873199,Hassan
27.16760063,78.05109406,Agra
26.83300972,80.92071533,Lucknow
12.30899239,76.65631866,Mandi Mohalla
27.21567726,77.49015808,Bharatpur
27.14273643,78.05122375,Agra
26.91645813,70.9214859,Jaisalmer
22.31423569,73.17534637,Gujarat
22.57377434,72.99919891,Gujarat
12.31189346,76.64318085,Yadavagiri
26.46175385,74.63717651,Rajasthan
24.57945824,73.68397522,Rajasthan
8.382516861,76.98145294,Thiruvananthapuram
25.33003426,82.99786377,Varanasi
31.91443062,77.12901306,Mohal
23.16364098,79.93299866,Jabalpur
31.95984459,77.10955811,Kullu
22.29212379,70.80168915,Gujarat
12.83488083,79.70363617,Kanchipuram
15.49573898,73.82561493,Altinho
19.25631523,84.90457153,Gopalpur
12.30893707,76.65763092,Mandi Mohalla
15.53632927,73.76300812,Arpora
12.31176662,76.64863586,Devaraja Mohalla
27.56303406,76.60501099,Alwar
12.32681561,76.64009857,Yadavagiri
26.47151756,80.35581207,Kanpur
27.16109276,78.03394318,Agra
26.29607201,73.01534271,Jodhpur
25.28208733,82.9562912,Uttar Pradesh
22.30885315,73.18305969,Vadodara
21.15261459,79.09729004,Nagpur
25.31769753,82.9739151,Uttar Pradesh
13.00338364,76.11177826,Hassan
27.20195961,73.72389221,Nagaur
27.20028687,73.73067474,Rajasthan
16.29362679,80.44107819,Guntur
13.34110546,74.74951935,Udupi
13.34026527,74.74740601,Udupi
13.34200573,74.74832916,Udupi
12.30892372,76.65762329,Mandi Mohalla
26.92154884,75.79709625,Rajasthan
26.92199326,75.79711914,Jaipur
26.91982651,75.80086517,Jaipur
26.93331146,75.83735657,Jaipur
26.92187881,75.80474091,Jaipur
25.31825638,82.98834229,Varanasi
29.39238358,79.46069336,Nainital
26.4711647,80.31997681,Kanpur
21.76654053,72.12935638,Bhavnagar
13.34928417,74.73736572,Udupi
22.31072617,73.18106079,Vadodara
9.589718819,76.52337646,Kottayam
30.73019981,76.77341461,Chandigarh
20.69979668,77.01615143,Akola
30.73336029,76.77941895,Chandigarh
24.57710457,73.68273163,Udaipur
15.49705124,73.83081818,Altinho
30.73275566,76.777565,Chandigarh
26.92783546,75.78767395,Jaipur
26.01643944,76.36108398,Ranthambore Road
26.2879982,73.02515411,Jodhpur
21.1526413,79.09427643,Maharashtra
12.30486202,76.6648941,Lokaranjan Mahal Road
29.38316536,79.46378326,Uttarakhand
26.83709145,80.93873596,Lucknow
10.78680038,76.65479279,Palakkad
12.30918598,76.66241455,Karnataka
21.77266693,72.14266968,Bhavnagar
30.75412178,76.78829956,Chandigarh
30.73380661,76.77864838,Chandigarh
27.16085243,78.02745056,Agra
12.30086803,76.64017487,Lakshmipuram
12.31161499,76.64497375,Karnataka
24.58264542,73.71910858,Udaipur
11.25299072,75.78386688,Kerala
17.91239929,77.52159882,Bidar
26.28348541,73.03796387,Rajasthan
24.56100082,73.69374084,Udaipur
12.92790031,79.13339996,Vellore
27.1701622,78.00910187,Agra
26.93429565,75.79553223,Jaipur
16.19922256,77.34423828,Raichur
16.20152092,77.34473419,Raichur
22.71483612,75.8740387,Indore
15.86394501,74.50843048,Karnataka
27.52674675,77.66207886,Mathura
26.23901367,73.02431488,Jodhpur
15.8652277,74.50846863,Camp
27.16179466,77.99671936,Uttar Pradesh
30.33745956,76.39469147,Patiala
26.90990067,75.82920074,Rajasthan
15.52953815,73.76615143,Arpora
15.87887287,74.51503754,Nehru Nagar
30.44013977,76.78013611,Dangdehri
26.28785515,73.03378296,Jodhpur
22.71976471,75.8764267,Indore
12.31032944,76.65840912,Mandi Mohalla
12.30869865,76.65850067,Mandi Mohalla
26.28404617,73.02129364,Jodhpur
27.16348839,78.03115082,Uttar Pradesh
20.61075211,72.92919159,Valsad
26.27917862,73.03738403,Rajasthan
29.39245796,79.45612335,Nainital
28.35673714,79.41797638,Bareilly
27.16123962,78.03501129,Agra
15.14853382,76.90386963,Devi Nagar
29.39877701,79.44473267,Uttarakhand
26.91219711,70.9127121,Jaisalmer
13.00430679,76.1015625,Hassan
29.38496017,79.46342468,Nainital
8.35795784,77.01740265,Kerala
24.57639694,73.69441986,Rajasthan
26.76155281,83.36611938,Gorakhpur
23.16742897,79.92630768,Jabalpur
22.29131508,70.79872894,Rajkot
26.91245842,75.78728485,Jaipur
25.44931984,78.56516266,Jhansi
27.16085243,78.03572845,Agra
26.83972359,80.92182922,Lucknow
32.12546921,76.20010376,Himachal Pradesh
29.4005928,79.43800354,Nainital
31.47068596,76.27179718,Una
27.16908455,78.04275513,Agra
27.4917469,77.67765808,Mathura
20.0008297,73.77974701,Maharashtra
25.33855247,82.97989655,Uttar Pradesh
25.32385445,83.0016098,Varanasi
25.32149124,82.99136353,Varanasi
29.39193535,79.46054077,Nainital
24.5964222,73.68824768,Udaipur
32.11018753,76.27790833,Kangra
27.15420151,78.03456116,Agra
27.1662159,77.99699402,Agra
26.88214684,75.79750061,Jaipur
26.92615891,75.79212952,Rajasthan
26.91996956,75.79862976,Jaipur
26.9170723,75.82555389,Jaipur
19.98518372,79.27496338,Chandrapur
26.91008759,70.91786957,Jaisalmer
11.67372894,78.1361618,Tamil Nadu
29.39169884,79.45883179,Uttarakhand
24.5995388,73.6618042,Udaipur
12.94731712,79.3191452,Ranipet
14.44452953,79.9782486,Nellore
15.54861164,73.76229858,Goa
27.16414642,78.01461029,Agra
29.3948288,79.12649536,India
8.489332199,76.95535278,Thiruvananthapuram
17.92048836,77.51199341,Bidar
18.2964859,83.89277649,Srikakulam
19.99589157,73.77867126,India
19.9474926,73.8421936,Nashik
21.14833069,79.16191101,Nagpur
12.93126678,79.13721466,Vellore
26.91620255,70.90959167,Jaisalmer
26.30616951,73.0353775,Jodhpur
28.33875275,79.41324615,Uttar Pradesh
24.57941437,73.6828537,Rajasthan
26.26604652,73.03346252,Rajasthan
26.29101753,73.02508545,Jodhpur
12.32489014,76.61068726,Hinkal
25.29804611,83.00167847,Varanasi
27.16089821,78.03096008,Uttar Pradesh
29.6998806,76.98857117,Haryana
27.15816116,78.00037384,Agra
27.5267334,77.66209412,Mathura
27.14077377,78.03096771,Agra
22.75334358,75.90332794,Madhya Pradesh
26.92843056,75.79235077,Jaipur
23.21713257,72.64979553,Gandhinagar
29.39492798,79.44245148,Nainital
29.48090553,79.1478653,Garjiya
17.30819511,76.81521606,Gulbarga
29.38707352,79.46212769,Nainital
21.0941143,71.76314545,Mahuva
22.31230354,73.17208862,Vadodara
27.04788399,71.4393692,Rajasthan
15.49834633,73.8236084,Goa
25.33464241,82.97910309,Varanasi
25.45070267,81.82941437,Allahabad
15.57826614,73.74667358,Goa
15.39801025,73.8140564,Goa
25.32554626,82.99517822,Uttar Pradesh
22.71751213,75.87378693,Indore
10.5130434,76.21179199,Kerala
15.58340836,73.75294495,Anjuna
15.54353428,73.75656128,Arpora
10.78676605,79.13912964,Tamil Nadu
15.4998579,73.8299942,Panjim
11.34968662,77.71926117,Erode
23.16299438,79.94580841,India
20.00536346,73.78346252,Nashik
20.00228691,73.78651428,Nashik
10.51372147,76.21376801,Thrissur
8.357517242,77.01266479,Kerala
26.92344666,70.90394592,Jaisalmer
15.56667042,73.76667023,Goa
8.356739998,77.01383209,Kerala
11.66710186,78.15136719,Salem
8.310355186,77.08004761,Poovar
29.38510513,79.46498108,Nainital
17.57199478,78.55731201,Secunderabad
29.38034248,79.46356201,Nainital
25.30785179,82.99185181,Varanasi
15.58611774,73.74156189,Anjuna
10.59261417,76.04161072,Guruvayoor
15.5127964,73.76745605,Goa
15.53572464,73.76441193,Goa
15.48265934,73.80735779,Goa
15.52299976,73.8267746,Goa
9.287796021,79.31541443,Rameshwaram
12.30520344,76.66566467,Ittige Gudu
10.77758598,79.14130402,Thanjavur
19.87280655,75.3279953,Maharashtra
15.27761555,73.9162674,Goa
25.33807564,82.97855377,Varanasi
8.49532032,76.94992828,Thiruvananthapuram
22.71722794,75.87721252,Indore
23.72812462,81.0263443,Madhya Pradesh
9.620163918,76.43063354,Kumarakom
27.17349815,78.00863647,Agra
9.586228371,76.52289581,Kottayam
8.496212959,76.94794464,Thiruvananthapuram
30.97021866,77.10536957,Himachal Pradesh
21.24407005,81.63726044,Raipur
21.25144005,81.62965393,Raipur
8.980150223,76.70811462,Cheerankavu
27.1668644,88.3610611,Sikkim
13.32346153,75.70371246,Joladalu
8.49765873,76.94850922,Kerala
